-3.000000000000000000e+00,0.000000000000000000e+00,0.000000000000000000e+00,0.000000000000000000e+00,3.056770019531250000e+02,-2.101918701171875000e+03,5.199308105468750000e+03,-4.571135742187500000e+03,5.000000000000000000e+00,0.000000000000000000e+00,0.000000000000000000e+00,0.000000000000000000e+00,-7.203576049804687500e+02,4.956505371093750000e+03,-1.226378417968750000e+04,1.078357324218750000e+04,1.000000000000000000e+00,0.000000000000000000e+00,0.000000000000000000e+00,0.000000000000000000e+00,-2.608334922790527344e+01,1.792938079833984375e+02,-4.434358215332031250e+02,3.898325195312500000e+02,0.000000000000000000e+00,0.000000000000000000e+00,0.000000000000000000e+00,0.000000000000000000e+00,1.272461166381835938e+02,-8.755077514648437500e+02,2.166228759765625000e+03,-1.904760253906250000e+03,2.000000029802322388e-01
-2.909285545349121094e+00,9.011179208755493164e-01,-7.256469130516052246e-01,-2.032015419006347656e+01,4.342523193359375000e+01,2.974971313476562500e+02,-1.200281860351562500e+03,1.235222045898437500e+03,4.786656856536865234e+00,-2.114826679229736328e+00,1.769379377365112305e+00,4.799058914184570312e+01,-1.027225952148437500e+02,-7.018347167968750000e+02,2.833218017578125000e+03,-2.916096679687500000e+03,9.922506213188171387e-01,-7.706852257251739502e-02,6.071567907929420471e-02,1.731734156608581543e+00,-3.697923898696899414e+00,-2.536984634399414062e+01,1.023297271728515625e+02,-1.053027725219726562e+02,3.768900409340858459e-02,3.736401200294494629e-01,-3.120532333850860596e-01,-8.476193428039550781e+00,1.814270591735839844e+01,1.239680633544921875e+02,-5.004356994628906250e+02,5.150731811523437500e+02,2.000000029802322388e-01
-2.816976785659790039e+00,1.908633559942245483e-01,7.980138063430786133e-01,1.054621982574462891e+01,-3.338457870483398438e+01,-1.052545852661132812e+02,5.290289916992187500e+02,-5.707359008789062500e+02,4.573448181152343750e+00,-4.166376590728759766e-01,-1.835405588150024414e+00,-2.490791320800781250e+01,7.886639404296875000e+01,2.485055847167968750e+02,-1.249317504882812500e+03,1.347879272460937500e+03,9.842855930328369141e-01,-1.696905307471752167e-02,-6.905444711446762085e-02,-8.987422585487365723e-01,2.845290422439575195e+00,8.971499443054199219e+00,-4.509415054321289062e+01,4.865037918090820312e+01,7.538851350545883179e-02,7.390293478965759277e-02,3.247600495815277100e-01,4.399581909179687500e+00,-1.393016242980957031e+01,-4.389330673217773438e+01,2.206667480468750000e+02,-2.380757141113281250e+02,2.000000029802322388e-01
-2.723058223724365234e+00,6.253179311752319336e-01,-4.455704092979431152e-01,-5.579854011535644531e+00,1.897216224670410156e+01,5.016201019287109375e+01,-2.700013122558593750e+02,2.949281921386718750e+02,4.360445976257324219e+00,-1.422819972038269043e+00,1.102355957031250000e+00,1.317787265777587891e+01,-4.481232833862304688e+01,-1.184568328857421875e+02,6.377134399414062500e+02,-6.966300048828125000e+02,9.760997295379638672e-01,-5.440401285886764526e-02,3.696076199412345886e-02,4.754467904567718506e-01,-1.617595195770263672e+00,-4.275164604187011719e+00,2.301637840270996094e+01,-2.514206886291503906e+01,1.130973398685455322e-01,2.518673837184906006e-01,-1.940611302852630615e-01,-2.327430963516235352e+00,7.915380477905273438e+00,2.092319297790527344e+01,-1.126392517089843750e+02,1.230445251464843750e+02,2.000000029802322388e-01
-2.627553939819335938e+00,3.996378183364868164e-01,2.746826112270355225e-01,2.978447914123535156e+00,-1.028672218322753906e+01,-2.609988594055175781e+01,1.428981475830078125e+02,-1.565460968017578125e+02,4.147689819335937500e+00,-8.698624968528747559e-01,-5.986568927764892578e-01,-7.031851291656494141e+00,2.430250930786132812e+01,6.163010406494140625e+01,-3.375685729980468750e+02,3.698596191406250000e+02,9.676959514617919922e-01,-3.560265526175498962e-02,-2.456877008080482483e-02,-2.540303468704223633e-01,8.772884011268615723e-01,2.225152015686035156e+00,-1.218251800537109375e+01,1.334483814239501953e+01,1.508150100708007812e-01,1.544855087995529175e-01,1.065441891551017761e-01,1.242363572120666504e+00,-4.292510986328125000e+00,-1.088650798797607422e+01,5.962308502197265625e+01,-6.532369232177734375e+01,2.000000029802322388e-01
-2.530480623245239258e+00,5.331822037696838379e-01,-1.174870207905769348e-01,-1.593761920928955078e+00,5.519372940063476562e+00,1.387916851043701172e+01,-7.626638793945312500e+01,8.359922027587890625e+01,3.935251712799072266e+00,-1.164860844612121582e+00,3.290540277957916260e-01,3.763366460800170898e+00,-1.304783058166503906e+01,-3.277008819580078125e+01,1.802349090576171875e+02,-1.976176452636718750e+02,9.590672850608825684e-01,-4.745130985975265503e-02,8.871257305145263672e-03,1.359691470861434937e-01,-4.705159366130828857e-01,-1.184205889701843262e+00,6.500255107879638672e+00,-7.121830940246582031e+00,1.885408163070678711e-01,2.069457024335861206e-01,-5.718221142888069153e-02,-6.646820902824401855e-01,2.304196357727050781e+00,5.789288520812988281e+00,-3.183008956909179688e+01,3.489567947387695312e+01,2.000000029802322388e-01
-2.431832313537597656e+00,4.736102521419525146e-01,9.263218194246292114e-02,8.523376584053039551e-01,-2.953510999679565430e+00,-7.417153835296630859e+00,4.077252197265625000e+01,-4.469281005859375000e+01,3.723191261291503906e+00,-1.003808140754699707e+00,-1.683650910854339600e-01,-2.011935234069824219e+00,6.990088462829589844e+00,1.751298713684082031e+01,-9.642978668212890625e+01,1.057522048950195312e+02,9.502127170562744141e-01,-4.282675683498382568e-02,-9.060136042535305023e-03,-7.290769368410110474e-02,2.513185143470764160e-01,6.337620615959167480e-01,-3.470308542251586914e+00,3.798204660415649414e+00,2.262740433216094971e-01,1.788790374994277954e-01,3.073551692068576813e-02,3.557339906692504883e-01,-1.233778953552246094e+00,-3.094449043273925781e+00,1.702386093139648438e+01,-1.866423797607421875e+01,2.000000029802322388e-01
-2.331648111343383789e+00,5.173549056053161621e-01,-1.997530087828636169e-02,-4.565264582633972168e-01,1.578861594200134277e+00,3.967912435531616211e+00,-2.179741096496582031e+01,2.388476562500000000e+01,3.511569976806640625e+00,-1.086567878723144531e+00,9.947391599416732788e-02,1.078687906265258789e+00,-3.744179725646972656e+00,-9.370905876159667969e+00,5.162329864501953125e+01,-5.661853408813476562e+01,9.411331415176391602e-01,-4.704884067177772522e-02,4.491897125262767076e-04,3.910205513238906860e-02,-1.336071789264678955e-01,-3.401161432266235352e-01,1.847178101539611816e+00,-2.015118122100830078e+00,2.640115022659301758e-01,1.939490437507629395e-01,-1.633800007402896881e-02,-1.904485076665878296e-01,6.601014733314514160e-01,1.656223416328430176e+00,-9.106072425842285156e+00,9.980048179626464844e+00,2.000000029802322388e-01
-2.229921579360961914e+00,5.056978464126586914e-01,3.983637690544128418e-02,2.436890006065368652e-01,-8.439379334449768066e-01,-2.125777244567871094e+00,1.164126110076904297e+01,-1.273365688323974609e+01,3.300454616546630859e+00,-1.038365125656127930e+00,-4.310632124543190002e-02,-5.759281516075134277e-01,2.005705118179321289e+00,5.017486572265625000e+00,-2.764264678955078125e+01,3.031601333618164062e+01,9.318239688873291016e-01,-4.652946814894676208e-02,-4.573912359774112701e-03,-2.112827450037002563e-02,7.035042345523834229e-02,1.837982833385467529e-01,-9.739873409271240234e-01,1.051115274429321289e+00,3.017553091049194336e-01,1.859204471111297607e-01,8.835300803184509277e-03,1.020331084728240967e-01,-3.529052138328552246e-01,-8.878233432769775391e-01,4.865994453430175781e+00,-5.324735641479492188e+00,2.000000029802322388e-01
-2.126687526702880859e+00,5.235093832015991211e-01,7.262602448463439941e-03,-1.322551667690277100e-01,4.496178627014160156e-01,1.147464871406555176e+00,-6.185857772827148438e+00,6.713844299316406250e+00,3.089883565902709961e+00,-1.059888958930969238e+00,3.440502285957336426e-02,3.105038404464721680e-01,-1.073912501335144043e+00,-2.688237667083740234e+00,1.479977321624755859e+01,-1.622647476196289062e+01,9.222885966300964355e-01,-4.857198521494865417e-02,-1.975114457309246063e-03,1.169585995376110077e-02,-3.593141585588455200e-02,-1.020497009158134460e-01,4.975740015506744385e-01,-5.155068039894104004e-01,3.395035862922668457e-01,1.902602165937423706e-01,-4.666310269385576248e-03,-5.504647269845008850e-02,1.879422068595886230e-01,4.785921573638916016e-01,-2.588635444641113281e+00,2.815322637557983398e+00,2.000000029802322388e-01
-2.021976709365844727e+00,5.252422690391540527e-01,2.427142113447189331e-02,7.266306877136230469e-02,-2.345556765794754028e-01,-6.359355449676513672e-01,3.213523864746093750e+00,-3.380325317382812500e+00,2.879926919937133789e+00,-1.043591380119323730e+00,-5.938033573329448700e-03,-1.646400839090347290e-01,5.743008255958557129e-01,1.441251516342163086e+00,-7.917290687561035156e+00,8.673969268798828125e+00,9.125238656997680664e-01,-4.920033365488052368e-02,-3.267544321715831757e-03,-7.125694770365953445e-03,1.622138172388076782e-02,6.201340630650520325e-02,-2.241354882717132568e-01,1.899795979261398315e-01,3.772528171539306641e-01,1.879220902919769287e-01,2.491025952622294426e-03,3.022055514156818390e-02,-9.835655242204666138e-02,-2.628993391990661621e-01,1.352816343307495117e+00,-1.437245488166809082e+00,2.000000029802322388e-01
-1.915792465209960938e+00,5.357326865196228027e-01,1.510984078049659729e-02,-4.449009150266647339e-02,1.111320108175277710e-01,3.808198273181915283e-01,-1.518931627273559570e+00,1.386127352714538574e+00,2.670638561248779297e+00,-1.047131061553955078e+00,1.668433286249637604e-02,9.027695655822753906e-02,-3.061106801033020020e-01,-7.733631730079650879e-01,4.226266384124755859e+00,-4.623591899871826172e+00,9.025299549102783203e-01,-5.069247260689735413e-02,-2.791346050798892975e-03,5.433951970189809799e-03,-3.052218351513147354e-03,-4.736631736159324646e-02,4.183594882488250732e-02,5.886990576982498169e-02,4.150053262710571289e-01,1.892478913068771362e-01,-1.204858534038066864e-03,-1.765955798327922821e-02,4.800516739487648010e-02,1.531940400600433350e-01,-6.593273878097534180e-01,6.344931721687316895e-01,2.000000029802322388e-01
-1.808177232742309570e+00,5.407452583312988281e-01,1.841347478330135345e-02,3.133753314614295959e-02,-3.129142895340919495e-02,-2.775510549545288086e-01,4.216467738151550293e-01,6.713446229696273804e-02,2.462075948715209961e+00,-1.039563536643981934e+00,5.874741356819868088e-03,-4.667540639638900757e-02,1.616801619529724121e-01,4.143391251564025879e-01,-2.246762514114379883e+00,2.453696966171264648e+00,8.923066854476928711e-01,-5.152684077620506287e-02,-2.653144299983978271e-03,-5.963883362710475922e-03,-8.833393454551696777e-03,5.228754132986068726e-02,1.242538169026374817e-01,-3.334429860115051270e-01,4.527572095394134521e-01,1.884268522262573242e-01,4.161077085882425308e-04,1.206143200397491455e-02,-1.673912070691585541e-02,-1.050245165824890137e-01,2.289631217718124390e-01,-8.414942026138305664e-02,2.000000029802322388e-01
-1.699151992797851562e+00,5.494890213012695312e-01,1.807263307273387909e-02,-3.349301591515541077e-02,-3.705676645040512085e-02,2.848180234432220459e-01,5.156350135803222656e-01,-1.558266878128051758e+00,2.254303693771362305e+00,-1.037540674209594727e+00,1.238641329109668732e-02,2.632942236959934235e-02,-8.500299602746963501e-02,-2.206702977418899536e-01,1.188413381576538086e+00,-1.294767260551452637e+00,8.818537592887878418e-01,-5.307894572615623474e-02,-3.427130868658423424e-03,9.092221967875957489e-03,2.464240416884422302e-02,-7.869997620582580566e-02,-3.425663411617279053e-01,7.455841302871704102e-01,4.905088841915130615e-01,1.890667378902435303e-01,1.632474450161680579e-04,-1.141793932765722275e-02,-7.947602309286594391e-03,9.904571622610092163e-02,1.111539304256439209e-01,-4.348699748516082764e-01,2.000000029802322388e-01
-1.588754296302795410e+00,5.540835857391357422e-01,1.377232838422060013e-02,4.602743685245513916e-02,1.208275407552719116e-01,-4.053641557693481445e-01,-1.665938615798950195e+00,3.680883407592773438e+00,2.047354459762573242e+00,-1.032210350036621094e+00,9.950809180736541748e-03,-1.230191718786954880e-02,4.483991488814353943e-02,1.178212910890579224e-01,-6.242607235908508301e-01,6.738148331642150879e-01,8.711754679679870605e-01,-5.352348089218139648e-02,-1.564885489642620087e-03,-1.573175005614757538e-02,-5.083382874727249146e-02,1.365110576152801514e-01,7.012513875961303711e-01,-1.459964513778686523e+00,5.282579660415649414e-01,1.883185207843780518e-01,-9.259154321625828743e-04,1.527417451143264771e-02,3.602687641978263855e-02,-1.328603476285934448e-01,-4.976640343666076660e-01,1.130890011787414551e+00,2.000000029802322388e-01
-1.477014422416687012e+00,5.641897916793823242e-01,2.271127514541149139e-02,-7.987691462039947510e-02,-2.534524798393249512e-01,6.874514818191528320e-01,3.487298011779785156e+00,-7.282761096954345703e+00,1.841290235519409180e+00,-1.028225541114807129e+00,1.230271905660629272e-02,8.550441823899745941e-03,-2.322709001600742340e-02,-6.528714299201965332e-02,3.190800249576568604e-01,-3.304482102394104004e-01,8.602708578109741211e-01,-5.587949976325035095e-02,-5.264096893370151520e-03,2.864782325923442841e-02,9.763801097869873047e-02,-2.483574450016021729e-01,-1.342698931694030762e+00,2.760517120361328125e+00,5.660045742988586426e-01,1.894221454858779907e-01,1.911856932565569878e-03,-2.534486167132854462e-02,-7.878266274929046631e-02,2.198904752731323242e-01,1.085582017898559570e+00,-2.282952547073364258e+00,2.000000029802322388e-01
-1.363962531089782715e+00,5.645111203193664551e-01,3.707647323608398438e-03,1.424747556447982788e-01,4.872047007083892822e-01,-1.245310187339782715e+00,-6.708567619323730469e+00,1.380792808532714844e+01,1.636163711547851562e+00,-1.023079395294189453e+00,1.207282021641731262e-02,-3.598383860662579536e-03,1.040827948600053787e-02,4.003238677978515625e-02,-1.435474604368209839e-01,1.215512454509735107e-01,8.491397500038146973e-01,-5.475111305713653564e-02,1.815026625990867615e-03,-5.282760411500930786e-02,-1.833939552307128906e-01,4.592383205890655518e-01,2.522025108337402344e+00,-5.165970325469970703e+00,6.037472486495971680e-01,1.874451488256454468e-01,-3.899133997038006783e-03,4.543297737836837769e-02,1.532303094863891602e-01,-3.950912356376647949e-01,-2.110551595687866211e+00,4.353115558624267578e+00,2.000000029802322388e-01
-1.249643802642822266e+00,5.820247530937194824e-01,3.828046470880508423e-02,-2.660124003887176514e-01,-9.170260429382324219e-01,2.303068637847900391e+00,1.262253284454345703e+01,-2.585729026794433594e+01,1.432023763656616211e+00,-1.018249869346618652e+00,1.298605278134346008e-02,4.580471664667129517e-03,-1.653458341024816036e-03,-3.012151457369327545e-02,2.662428840994834900e-02,3.380953520536422729e-02,8.377882838249206543e-01,-6.003118306398391724e-02,-1.134373527020215988e-02,9.838225692510604858e-02,3.425878286361694336e-01,-8.537464141845703125e-01,-4.710332870483398438e+00,9.632115364074707031e+00,6.414831876754760742e-01,1.909780204296112061e-01,7.128329016268253326e-03,-8.393304049968719482e-02,-2.893194854259490967e-01,7.288640141487121582e-01,3.983810424804687500e+00,-8.166740417480468750e+00,2.000000029802322388e-01
-1.134089112281799316e+00,5.671463608741760254e-01,-2.798793651163578033e-02,4.931911826133728027e-01,1.719520926475524902e+00,-4.270016193389892578e+00,-2.357767486572265625e+01,4.803869247436523438e+01,1.228919744491577148e+00,-1.012733459472656250e+00,1.379396766424179077e-02,-2.637681085616350174e-03,-6.333731114864349365e-03,3.022763878107070923e-02,7.395763695240020752e-02,-1.904399245977401733e-01,8.262121677398681641e-01,-5.335861817002296448e-02,1.328680664300918579e-02,-1.833008825778961182e-01,-6.403661966323852539e-01,1.584830522537231445e+00,8.774627685546875000e+00,-1.786495780944824219e+01,6.792132258415222168e-01,1.843203008174896240e-01,-1.362809352576732635e-02,1.562291979789733887e-01,5.431435108184814453e-01,-1.350625276565551758e+00,-7.449625968933105469e+00,1.518338108062744141e+01,2.000000029802322388e-01
-1.017343044281005859e+00,6.122508645057678223e-01,9.596632421016693115e-02,-9.214596748352050781e-01,-3.246266126632690430e+00,7.789275646209716797e+00,4.367649459838867188e+01,-8.721109008789062500e+01,1.026905536651611328e+00,-1.007436513900756836e+00,1.360470149666070938e-02,5.554975476115942001e-03,1.494530960917472839e-02,-4.099273681640625000e-02,-1.926582604646682739e-01,4.032978713512420654e-01,8.144209384918212891e-01,-6.900928914546966553e-02,-3.305660188198089600e-02,3.418412804603576660e-01,1.207053184509277344e+00,-2.892179727554321289e+00,-1.623631095886230469e+01,3.241071701049804688e+01,7.169364094734191895e-01,1.966910213232040405e-01,2.565514668822288513e-02,-2.911768853664398193e-01,-1.025910615921020508e+00,2.463863849639892578e+00,1.380710792541503906e+01,-2.757525444030761719e+01,2.000000029802322388e-01
-8.994483947753906250e-01,5.432842373847961426e-01,-1.506939679384231567e-01,1.701655626296997070e+00,6.329800128936767578e+00,-1.305624866485595703e+01,-7.841903686523437500e+01,1.428599090576171875e+02,8.260105252265930176e-01,-1.001366972923278809e+00,1.533150579780340195e-02,-7.126511540263891220e-03,-2.871897816658020020e-02,6.658755987882614136e-02,3.719587624073028564e-01,-7.227174639701843262e-01,8.024130463600158691e-01,-4.237642884254455566e-02,5.849509686231613159e-02,-6.321977972984313965e-01,-2.351912975311279297e+00,4.849248409271240234e+00,2.913869094848632812e+01,-5.308506774902343750e+01,7.546490430831909180e-01,1.730495691299438477e-01,-5.209554731845855713e-02,5.385631918907165527e-01,2.001146793365478516e+00,-4.130820274353027344e+00,-2.479824829101562500e+01,4.518801879882812500e+01,2.000000029802322388e-01
-7.804465889930725098e-01,6.987456083297729492e-01,4.229133129119873047e-01,-3.003894329071044922e+00,-1.377709579467773438e+01,1.284323120117187500e+01,1.215848312377929688e+02,-1.889459991455078125e+02,6.262832880020141602e-01,-9.960854649543762207e-01,1.356039848178625107e-02,1.557455398142337799e-02,5.868294835090637207e-02,-9.414460510015487671e-02,-6.398456692695617676e-01,1.066620469093322754e+00,7.901940941810607910e-01,-9.914517402648925781e-02,-1.547458618879318237e-01,1.115398168563842773e+00,5.116731643676757812e+00,-4.775777816772460938e+00,-4.518040084838867188e+01,7.022593688964843750e+01,7.923549413681030273e-01,2.204606533050537109e-01,1.293575167655944824e-01,-9.500380754470825195e-01,-4.355977058410644531e+00,4.069217681884765625e+00,3.846497726440429688e+01,-5.978504562377929688e+01,2.000000029802322388e-01
-6.603826880455017090e-01,3.181174695491790771e-01,-2.010149002075195312e+00,-1.568127050995826721e-02,1.911215400695800781e+01,3.038869611918926239e-02,-1.429395751953125000e+02,1.888736114501953125e+02,4.277696907520294189e-01,-9.884183406829833984e-01,2.126886323094367981e-02,-1.778149604797363281e-02,-1.207153499126434326e-01,3.400172293186187744e-02,8.534228801727294922e-01,-1.140056729316711426e+00,7.777642607688903809e-01,4.304830357432365417e-02,7.480350732803344727e-01,2.260674722492694855e-03,-7.104024410247802734e+00,-2.472102874889969826e-03,5.313591003417968750e+01,-7.022745513916015625e+01,8.300501704216003418e-01,9.843063354492187500e-02,-6.391584873199462891e-01,-6.989473477005958557e-04,6.052413940429687500e+00,7.751200348138809204e-03,-4.523408889770507812e+01,5.974296188354492188e+01,2.000000029802322388e-01
-6.534320116043090820e-01,-6.582038849592208862e-02,4.084714651107788086e-01,2.992788553237915039e+00,-1.373658943176269531e+01,-1.284326839447021484e+01,1.214834747314453125e+02,-1.427984008789062500e+02,2.306523025035858154e-01,-9.845076203346252441e-01,-2.830612706020474434e-03,-2.804860286414623260e-02,1.061242148280143738e-01,1.004615202546119690e-01,-7.426565885543823242e-01,7.523959875106811523e-01,8.074479699134826660e-01,1.857441067695617676e-01,-1.524387598037719727e-01,-1.112939357757568359e+00,5.111363410949707031e+00,4.769560813903808594e+00,-4.518252182006835938e+01,5.312121963500976562e+01,8.317204117774963379e-01,-2.366198040544986725e-02,1.294761747121810913e-01,9.524845480918884277e-01,-4.352257728576660156e+00,-4.089064121246337891e+00,3.840606307983398438e+01,-4.504164123535156250e+01,2.000000029802322388e-01
-6.464561820030212402e-01,8.366040140390396118e-02,-1.641001850366592407e-01,-1.693144440650939941e+00,6.326677322387695312e+00,1.298625087738037109e+01,-7.843428039550781250e+01,8.743082427978515625e+01,3.357721492648124695e-02,-9.858948588371276855e-01,1.079302513971924782e-03,2.034450136125087738e-02,-2.833733893930912018e-02,-1.587137579917907715e-01,3.106977939605712891e-01,-5.701835826039314270e-02,8.370884656906127930e-01,1.299838721752166748e-01,6.068378686904907227e-02,6.295604705810546875e-01,-2.354647397994995117e+00,-4.827641010284423828e+00,2.918718719482421875e+01,-3.254655838012695312e+01,8.333963155746459961e-01,2.400286309421062469e-02,-5.163441225886344910e-02,-5.423092842102050781e-01,1.990655422210693359e+00,4.163230419158935547e+00,-2.465223693847656250e+01,2.726022529602050781e+01,2.000000029802322388e-01
-6.394556760787963867e-01,9.761860594153404236e-03,8.242816478013992310e-02,9.093391299247741699e-01,-3.267008781433105469e+00,-7.692993164062500000e+00,4.396887207031250000e+01,-4.875263214111328125e+01,-1.634728014469146729e-01,-9.846273064613342285e-01,8.615250117145478725e-04,-1.929225213825702667e-02,-1.659755781292915344e-02,1.662281751632690430e-01,2.308720946311950684e-01,-7.985174059867858887e-01,8.666881918907165527e-01,1.572933346033096313e-01,-3.112698718905448914e-02,-3.378713130950927734e-01,1.216986894607543945e+00,2.857872724533081055e+00,-1.637799644470214844e+01,1.818002700805664062e+01,8.350815176963806152e-01,1.590816245879977942e-04,2.533073164522647858e-02,2.977216839790344238e-01,-1.004593968391418457e+00,-2.520866155624389648e+00,1.351207733154296875e+01,-1.456993198394775391e+01,2.000000029802322388e-01
-6.324304342269897461e-01,4.834464564919471741e-02,-4.385473206639289856e-02,-4.765932857990264893e-01,1.770583510398864746e+00,4.117440700531005859e+00,-2.428481483459472656e+01,2.737191390991210938e+01,-3.604869544506072998e-01,-9.857134819030761719e-01,-1.224093604832887650e-03,2.614353038370609283e-02,6.456899642944335938e-02,-2.274799346923828125e-01,-8.870522975921630859e-01,1.990473270416259766e+00,8.962450027465820312e-01,1.428034454584121704e-01,1.595474779605865479e-02,1.764692962169647217e-01,-6.615308523178100586e-01,-1.524500489234924316e+00,9.074042320251464844e+00,-1.026457118988037109e+01,8.367725610733032227e-01,1.311989873647689819e-02,-1.242819800972938538e-02,-1.682838052511215210e-01,5.022051930427551270e-01,1.454883456230163574e+00,-6.885828018188476562e+00,7.007660865783691406e+00,2.000000029802322388e-01
-6.253818273544311523e-01,2.884552627801895142e-02,2.562827244400978088e-02,2.341064363718032837e-01,-1.018729329109191895e+00,-2.031930446624755859e+00,1.403586387634277344e+01,-1.674594116210937500e+01,-5.574702620506286621e-01,-9.836309552192687988e-01,3.846914274618029594e-03,-4.365510866045951843e-02,-1.378097981214523315e-01,3.800548315048217773e-01,1.899610280990600586e+00,-3.983940362930297852e+00,9.257587194442749023e-01,1.498202979564666748e-01,-1.009202282875776291e-02,-8.552483469247817993e-02,3.843139410018920898e-01,7.421101331710815430e-01,-5.296357631683349609e+00,6.384303092956542969e+00,8.384712338447570801e-01,5.582837853580713272e-03,5.353044718503952026e-03,1.061302497982978821e-01,-2.122630923986434937e-01,-9.216749072074890137e-01,2.924897432327270508e+00,-2.183986425399780273e+00,2.000000029802322388e-01
-6.183109283447265625e-01,3.778149932622909546e-02,-1.662936061620712280e-02,-8.568385243415832520e-02,6.819944977760314941e-01,7.445144653320312500e-01,-9.408454895019531250e+00,1.284610080718994141e+01,-7.544201016426086426e-01,-9.868378639221191406e-01,-6.197549402713775635e-03,7.895596325397491455e-02,2.665078938007354736e-01,-6.869227886199951172e-01,-3.677906274795532227e+00,7.585427284240722656e+00,9.552299976348876953e-01,1.464466005563735962e-01,5.987172015011310577e-03,2.887415327131748199e-02,-2.637855410575866699e-01,-2.507042586803436279e-01,3.641666889190673828e+00,-5.071553707122802734e+00,8.401756286621093750e-01,1.093124505132436752e-02,-1.247888576472178102e-04,-8.666983246803283691e-02,9.484272450208663940e-03,7.536534070968627930e-01,-1.326836496591567993e-01,-1.765938997268676758e+00,2.000000029802322388e-01
-6.112135648727416992e-01,3.631845116615295410e-02,1.572303660213947296e-02,-2.825364470481872559e-02,-6.216558814048767090e-01,2.450931966304779053e-01,8.576086044311523438e+00,-1.412833213806152344e+01,-9.513356089591979980e-01,-9.804725646972656250e-01,1.288842223584651947e-02,-1.462879031896591187e-01,-5.032389760017395020e-01,1.271348714828491211e+00,6.941691875457763672e+00,-1.424675846099853516e+01,9.846556782722473145e-01,1.465795338153839111e-01,-6.734042428433895111e-03,1.622371561825275421e-02,2.504753172397613525e-01,-1.408089846372604370e-01,-3.458508014678955078e+00,5.808479309082031250e+00,8.418887853622436523e-01,5.767780356109142303e-03,-4.609707742929458618e-03,1.022569760680198669e-01,1.890645623207092285e-01,-8.889557719230651855e-01,-2.604998350143432617e+00,6.424602031707763672e+00,2.000000029802322388e-01
-6.040951609611511230e-01,3.142157942056655884e-02,-1.993541419506072998e-02,1.534461975097656250e-01,8.131562471389770508e-01,-1.331401824951171875e+00,-1.120357799530029297e+01,2.108835601806640625e+01,-1.148221373558044434e+00,-9.918591380119323730e-01,-2.309137955307960510e-02,2.725126743316650391e-01,9.440326690673828125e-01,-2.365897655487060547e+00,-1.300376987457275391e+01,2.662305831909179688e+01,1.014040708541870117e+00,1.486833691596984863e-01,7.878335192799568176e-03,-6.780606508255004883e-02,-3.390642702579498291e-01,5.881040096282958984e-01,4.673363208770751953e+00,-8.882915496826171875e+00,8.436095714569091797e-01,1.300977915525436401e-02,1.165688037872314453e-02,-1.590956896543502808e-01,-4.640015661716461182e-01,1.381712079048156738e+00,6.389444828033447266e+00,-1.365441513061523438e+01,2.000000029802322388e-01
-5.969527959823608398e-01,4.516745731234550476e-02,3.360553830862045288e-02,-3.402140736579895020e-01,-1.335652709007263184e+00,2.938523769378662109e+00,1.832012176513671875e+01,-3.634169387817382812e+01,-1.345074772834777832e+00,-9.701523780822753906e-01,4.452875256538391113e-02,-5.083320140838623047e-01,-1.769670009613037109e+00,4.392948627471923828e+00,2.426851272583007812e+01,-4.944094848632812500e+01,1.043381094932556152e+00,1.425460577011108398e-01,-1.466489117592573166e-02,1.464789211750030518e-01,5.658411383628845215e-01,-1.265509724617004395e+00,-7.762719154357910156e+00,1.545301055908203125e+01,8.453389406204223633e-01,9.372514323331415653e-04,-2.303493954241275787e-02,2.800517976284027100e-01,9.281410574913024902e-01,-2.420662879943847656e+00,-1.272673606872558594e+01,2.623137474060058594e+01,2.000000029802322388e-01
-5.897862315177917480e-01,1.744484342634677887e-02,-6.053092703223228455e-02,6.627577543258666992e-01,2.419269084930419922e+00,-5.604355335235595703e+00,-3.255825424194335938e+01,6.449614715576171875e+01,-1.541896224021911621e+00,-1.010380625724792480e+00,-8.355424553155899048e-02,9.473803639411926270e-01,3.340920925140380859e+00,-8.015233039855957031e+00,-4.494881820678710938e+01,8.974143981933593750e+01,1.072677016258239746e+00,1.542589366436004639e-01,2.532252483069896698e-02,-2.837185263633728027e-01,-1.030457139015197754e+00,2.399756193161010742e+00,1.387149524688720703e+01,-2.751210975646972656e+01,8.470770716667175293e-01,2.298102341592311859e-02,4.493011906743049622e-02,-5.130213499069213867e-01,-1.783778786659240723e+00,4.341608047485351562e+00,2.399718856811523438e+01,-4.807218933105468750e+01,2.000000029802322388e-01
-5.825971364974975586e-01,7.172759622335433960e-02,1.214159280061721802e-01,-1.241105198860168457e+00,-4.661116123199462891e+00,9.502507209777832031e+00,5.773635482788085938e+01,-1.048727111816406250e+02,-1.738682866096496582e+00,-9.334266185760498047e-01,1.697672158479690552e-01,-1.752266287803649902e+00,-6.515999317169189453e+00,1.342899513244628906e+01,8.068919372558593750e+01,-1.469131011962890625e+02,1.101926684379577637e+00,1.308729946613311768e-01,-5.220329761505126953e-02,5.305793881416320801e-01,1.988805651664733887e+00,-4.064621448516845703e+00,-2.464545822143554688e+01,4.480098342895507812e+01,8.488220572471618652e-01,-1.841928809881210327e-02,-9.077354520559310913e-02,9.441064000129699707e-01,3.495929241180419922e+00,-7.242405414581298828e+00,-4.330387878417968750e+01,7.896258544921875000e+01,2.000000029802322388e-01
-5.753880739212036133e-01,-3.790347278118133545e-02,-3.007864952087402344e-01,2.195950031280517578e+00,1.011884498596191406e+01,-9.306945800781250000e+00,-8.908544158935546875e+01,1.381251068115234375e+02,-1.935440301895141602e+00,-1.087765455245971680e+00,-4.218280911445617676e-01,3.089670181274414062e+00,1.419084644317626953e+01,-1.315096950531005859e+01,-1.249891357421875000e+02,1.940749511718750000e+02,1.131135344505310059e+00,1.775375753641128540e-01,1.278595775365829468e-01,-9.386429190635681152e-01,-4.318815231323242188e+00,3.993654727935791016e+00,3.807592010498046875e+01,-5.909632873535156250e+01,8.505753278732299805e-01,6.472635269165039062e-02,2.266563922166824341e-01,-1.662828207015991211e+00,-7.619279384613037109e+00,7.121510982513427734e+00,6.724373626708984375e+01,-1.045066070556640625e+02,2.000000029802322388e-01
-5.681541562080383301e-01,2.454793751239776611e-01,1.490900635719299316e+00,4.958237707614898682e-02,-1.396433830261230469e+01,-1.843920052051544189e-01,1.042897033691406250e+02,-1.373524932861328125e+02,-2.132167339324951172e+00,-6.898705363273620605e-01,2.090144157409667969e+00,5.189520493149757385e-02,-1.961261940002441406e+01,-1.149782612919807434e-01,1.467157897949218750e+02,-1.937712860107421875e+02,1.160296440124511719e+00,5.642200633883476257e-02,-6.356547474861145020e-01,-1.348074432462453842e-02,5.973418235778808594e+00,4.384059086441993713e-02,-4.465894317626953125e+01,5.892849731445312500e+01,8.523381352424621582e-01,-1.487063169479370117e-01,-1.118381381034851074e+00,-3.019164549186825752e-03,1.058662509918212891e+01,2.844684384763240814e-02,-7.906551361083984375e+01,1.043568801879882812e+02,2.000000029802322388e-01
-4.765111207962036133e-01,5.381578803062438965e-01,-2.655984163284301758e-01,-2.201032638549804688e+00,9.966392517089843750e+00,9.587155342102050781e+00,-8.800378417968750000e+01,1.026544723510742188e+02,-2.210627794265747070e+00,-2.812243103981018066e-01,-3.759098052978515625e-01,-3.060857772827148438e+00,1.404591369628906250e+01,1.317608356475830078e+01,-1.245640182495117188e+02,1.465146942138671875e+02,1.153514385223388672e+00,-6.730267405509948730e-02,1.175693646073341370e-01,9.373553991317749023e-01,-4.278126716613769531e+00,-4.046951293945312500e+00,3.784095764160156250e+01,-4.436023712158203125e+01,7.910607457160949707e-01,-3.624755144119262695e-01,2.265787273645401001e-01,1.671162605285644531e+00,-7.604309082031250000e+00,-7.190387725830078125e+00,6.703412628173828125e+01,-7.845249938964843750e+01,2.000000029802322388e-01
-3.824158906936645508e-01,4.404383003711700439e-01,1.504357308149337769e-01,1.274987578392028809e+00,-4.505473613739013672e+00,-9.787634849548339844e+00,5.571247100830078125e+01,-6.059253311157226562e+01,-2.285802841186523438e+00,-4.175375401973724365e-01,2.077239900827407837e-01,1.720887184143066406e+00,-6.492298603057861328e+00,-1.322839546203613281e+01,8.055654907226562500e+01,-9.009766387939453125e+01,1.145969510078430176e+00,-2.428669482469558716e-02,-6.044174358248710632e-02,-5.335467457771301270e-01,1.958629131317138672e+00,4.099596023559570312e+00,-2.426337814331054688e+01,2.682640838623046875e+01,7.298163175582885742e-01,-2.786067128181457520e-01,-8.937077969312667847e-02,-9.563201665878295898e-01,3.459076642990112305e+00,7.350459575653076172e+00,-4.279937744140625000e+01,4.699650192260742188e+01,2.000000029802322388e-01
-2.856616973876953125e-01,5.109573602676391602e-01,-1.897861249744892120e-02,-7.236314415931701660e-01,2.168465375900268555e+00,6.169602870941162109e+00,-2.911707496643066406e+01,2.945138549804687500e+01,-2.357852697372436523e+00,-3.272174000740051270e-01,-4.826600477099418640e-02,-9.207304120063781738e-01,3.385891914367675781e+00,7.757430076599121094e+00,-4.558017730712890625e+01,5.110836410522460938e+01,1.137662291526794434e+00,-5.158355832099914551e-02,1.542126573622226715e-02,2.933333814144134521e-01,-9.884071350097656250e-01,-2.482274293899536133e+00,1.329359340667724609e+01,-1.432784652709960938e+01,6.686186194419860840e-01,-3.207396864891052246e-01,4.368370771408081055e-02,5.350287556648254395e-01,-1.711069345474243164e+00,-4.531730651855468750e+00,2.299572753906250000e+01,-2.415848350524902344e+01,2.000000029802322388e-01
-1.860610991716384888e-01,4.925673007965087891e-01,5.994591116905212402e-02,4.695273637771606445e-01,-8.857895135879516602e-01,-4.031724929809570312e+00,1.211486339569091797e+01,-8.464672088623046875e+00,-2.426955938339233398e+00,-3.512208461761474609e-01,8.202813565731048584e-02,4.601950049400329590e-01,-1.894443035125732422e+00,-4.007758617401123047e+00,2.597153091430664062e+01,-3.030645179748535156e+01,1.128600716590881348e+00,-4.259744286537170410e-02,-2.161524072289466858e-02,-1.656864732503890991e-01,4.936777055263519287e-01,1.434646964073181152e+00,-6.765391349792480469e+00,6.870180130004882812e+00,6.074728965759277344e-01,-2.967420220375061035e-01,-1.894166134297847748e-02,-3.200775682926177979e-01,7.902613282203674316e-01,2.770016193389892578e+00,-1.082614994049072266e+01,9.749841690063476562e+00,2.000000029802322388e-01
-8.343400061130523682e-02,5.317582488059997559e-01,4.040898010134696960e-02,-3.874377310276031494e-01,-1.870475709438323975e-02,3.395786285400390625e+00,2.643221616744995117e-01,-9.318608283996582031e+00,-2.493276596069335938e+00,-3.195824027061462402e-01,2.515492029488086700e-03,-2.001793384552001953e-01,1.194909930229187012e+00,1.700657725334167480e+00,-1.645750236511230469e+01,2.141765213012695312e+01,1.118795037269592285e+00,-5.376276373863220215e-02,-3.974503371864557266e-03,1.053819209337234497e-01,-2.072598040103912354e-01,-9.128714799880981445e-01,2.852860927581787109e+00,-2.092156887054443359e+00,5.463889837265014648e-01,-3.116977810859680176e-01,5.967144854366779327e-03,2.339450716972351074e-01,-2.054569274187088013e-01,-2.031497001647949219e+00,2.823627948760986328e+00,8.864875435829162598e-01,2.000000029802322388e-01
2.238887548446655273e-02,5.243298411369323730e-01,1.884277537465095520e-02,4.763624370098114014e-01,9.264644384384155273e-01,-4.114658355712890625e+00,-1.278172969818115234e+01,3.088708305358886719e+01,-2.557017087936401367e+00,-3.127586245536804199e-01,5.418542772531509399e-02,2.199721289798617363e-03,-9.819914102554321289e-01,-5.751760303974151611e-02,1.352721118927001953e+01,-2.111715507507324219e+01,1.108258605003356934e+00,-5.210181325674057007e-02,-9.108054451644420624e-03,-8.627755939960479736e-02,5.781302694231271744e-03,7.531497478485107422e-01,-7.615879923105239868e-02,-1.855438351631164551e+00,4.853729009628295898e-01,-2.982455790042877197e-01,8.229029364883899689e-03,-2.415955066680908203e-01,-2.945606410503387451e-01,2.101506233215332031e+00,4.064710617065429688e+00,-1.190193080902099609e+01,2.000000029802322388e-01
1.315624266862869263e-01,5.750564932823181152e-01,9.863872826099395752e-02,-7.437294125556945801e-01,-2.208848476409912109e+00,6.492415428161621094e+00,3.046018600463867188e+01,-6.492636108398437500e+01,-2.618377923965454102e+00,-3.061926066875457764e-01,-2.028315328061580658e-03,1.753925681114196777e-01,1.164013981819152832e+00,-1.563274979591369629e+00,-1.603680610656738281e+01,2.931297302246093750e+01,1.097005367279052734e+00,-6.086560711264610291e-02,-1.353145297616720200e-02,1.035174280405044556e-01,1.937130391597747803e-01,-8.968090415000915527e-01,-2.673772573471069336e+00,6.557284355163574219e+00,4.244291484355926514e-01,-3.140871524810791016e-01,-2.173026278614997864e-02,3.472039699554443359e-01,9.132310748100280762e-01,-3.018463373184204102e+00,-1.259799289703369141e+01,2.772661781311035156e+01,2.000000029802322388e-01
2.442312538623809814e-01,5.359172224998474121e-01,-6.358999758958816528e-02,1.323911309242248535e+00,4.380296230316162109e+00,-1.149350833892822266e+01,-6.043672561645507812e+01,1.252131500244140625e+02,-2.677583456039428711e+00,-2.788730263710021973e-01,6.960841268301010132e-02,-4.430687427520751953e-01,-1.813712239265441895e+00,3.815455198287963867e+00,2.500135612487792969e+01,-4.933049011230468750e+01,1.085054874420166016e+00,-5.702773109078407288e-02,3.219821723178029060e-03,-1.608314216136932373e-01,-4.713198244571685791e-01,1.402782917022705078e+00,6.506425857543945312e+00,-1.391478538513183594e+01,3.635640442371368408e-01,-2.878057062625885010e-01,4.826155304908752441e-02,-5.925847291946411133e-01,-1.900574922561645508e+00,5.154304504394531250e+00,2.621927261352539062e+01,-5.476113510131835938e+01,2.000000029802322388e-01
3.605277240276336670e-01,6.576289534568786621e-01,2.534982264041900635e-01,-2.427194356918334961e+00,-8.315564155578613281e+00,2.116146850585937500e+01,1.148616867065429688e+02,-2.364344482421875000e+02,-2.734830617904663086e+00,-3.058105111122131348e-01,-5.775570124387741089e-02,8.698530793190002441e-01,3.190019369125366211e+00,-7.620529174804687500e+00,-4.406132888793945312e+01,8.938964080810546875e+01,1.072424530982971191e+00,-7.264102995395660400e-02,-3.152629733085632324e-02,2.850260138511657715e-01,9.391785860061645508e-01,-2.477926015853881836e+00,-1.297427368164062500e+01,2.693732452392578125e+01,3.027782440185546875e-01,-3.333871960639953613e-01,-8.981518447399139404e-02,1.077137231826782227e+00,3.652175426483154297e+00,-9.381921768188476562e+00,-5.044631576538085938e+01,1.040703811645507812e+02,2.000000029802322388e-01
4.805674254894256592e-01,4.855704307556152344e-01,-3.377953171730041504e-01,4.522482872009277344e+00,1.556127357482910156e+01,-3.960943603515625000e+01,-2.161465301513671875e+02,4.464305419921875000e+02,-2.790354251861572266e+00,-2.279652506113052368e-01,1.633449047803878784e-01,-1.670336246490478516e+00,-5.838209152221679688e+00,1.459317016601562500e+01,8.108416748046875000e+01,-1.667693939208984375e+02,1.059139728546142578e+00,-5.366080626845359802e-02,3.629433736205101013e-02,-5.221951603889465332e-01,-1.780860781669616699e+00,4.580298423767089844e+00,2.473798179626464844e+01,-5.121905899047851562e+01,2.420700937509536743e-01,-2.484759688377380371e-01,1.710769385099411011e-01,-1.997360229492187500e+00,-6.857828617095947266e+00,1.750162124633789062e+01,9.525222015380859375e+01,-1.968623657226562500e+02,2.000000029802322388e-01
6.044535040855407715e-01,8.592350482940673828e-01,7.541416287422180176e-01,-8.455608367919921875e+00,-2.873553276062011719e+01,7.601637268066406250e+01,4.088562316894531250e+02,-8.642490234375000000e+02,-2.844392776489257812e+00,-3.521760404109954834e-01,-2.472438067197799683e-01,3.130744695663452148e+00,1.071002960205078125e+01,-2.819212341308593750e+01,-1.523929901123046875e+02,3.217873840332031250e+02,1.045225739479064941e+00,-9.760086238384246826e-02,-8.848600834608078003e-02,9.750452041625976562e-01,3.300889492034912109e+00,-8.758133888244628906e+00,-4.696870040893554688e+01,9.935382843017578125e+01,1.814433932304382324e-01,-4.044760465621948242e-01,-3.099501132965087891e-01,3.733088493347167969e+00,1.267366504669189453e+01,-3.356009674072265625e+01,-1.803550872802734375e+02,3.813626708984375000e+02,2.000000029802322388e-01
7.322741150856018066e-01,2.326330542564392090e-01,-1.129645228385925293e+00,1.598156642913818359e+01,5.060485076904296875e+01,-1.593253326416015625e+02,-8.010924072265625000e+02,1.868996093750000000e+03,-2.897191524505615234e+00,-1.066340431571006775e-01,4.512197077274322510e-01,-5.940865993499755859e+00,-1.881742095947265625e+01,5.923768997192382812e+01,2.981093444824218750e+02,-6.957420654296875000e+02,1.030711054801940918e+00,-2.609584480524063110e-02,1.285127550363540649e-01,-1.838674664497375488e+00,-5.819393157958984375e+00,1.833664131164550781e+01,9.212666320800781250e+01,-2.149762725830078125e+02,1.208922341465950012e-01,-1.188402324914932251e-01,5.210101008415222168e-01,-7.052521228790283203e+00,-2.231793022155761719e+01,7.035845184326171875e+01,3.535526733398437500e+02,-8.253649291992187500e+02,2.000000029802322388e-01
8.641043305397033691e-01,1.342528343200683594e+00,1.191868782043457031e+00,-3.077568435668945312e+01,-6.605699920654296875e+01,4.493205566406250000e+02,1.815502197265625000e+03,-6.903344238281250000e+03,-2.948974847793579102e+00,-5.066284537315368652e-01,-4.112276434898376465e-01,1.143621540069580078e+01,2.447810554504394531e+01,-1.674544067382812500e+02,-6.759295043945312500e+02,2.573424804687500000e+03,1.015624046325683594e+00,-1.542853266000747681e-01,-1.380157172679901123e-01,3.542062282562255859e+00,7.599890232086181641e+00,-5.169142913818359375e+01,-2.088401184082031250e+02,7.940895996093750000e+02,6.041314080357551575e-02,-5.989872217178344727e-01,-4.993178248405456543e-01,1.358450603485107422e+01,2.906993865966796875e+01,-1.986849060058593750e+02,-8.019582519531250000e+02,3.052621826171875000e+03,2.000000029802322388e-01
